<?xml version="1.0"?>
<extension key="org.civicoop.civirules" type="module">
  <file>civirules</file>
  <name>CiviRules</name>
  <description>Native CiviCRM extension CiviRules</description>
  <license>AGPL-3.0</license>
  <urls>
    <url desc="Main Extension Page">https://lab.civicrm.org/extensions/civirules</url>
    <url desc="Documentation">https://docs.civicrm.org/civirules/en/latest</url>
    <url desc="Support">http://www.civicoop.org</url>
    <url desc="Licensing">http://civicrm.org/licensing</url>
  </urls>
  <maintainer>
    <author>CiviCooP</author>
    <email>helpdesk@civicoop.org</email>
  </maintainer>
  <releaseDate>2025-04-11</releaseDate>
  <version>3.18.2</version>
  <develStage>stable</develStage>
  <compatibility>
    <ver>5.82</ver>
  </compatibility>
  <civix>
    <namespace>CRM/Civirules</namespace>
    <format>25.01.1</format>
  </civix>
  <classloader>
    <psr0 prefix="CRM_" path="."/>
    <psr4 prefix="Civi\" path="Civi"/>
  </classloader>
  <mixins>
    <mixin>menu-xml@1.0.0</mixin>
    <mixin>mgd-php@1.0.0</mixin>
    <mixin>entity-types-php@2.0.0</mixin>
    <mixin>smarty@1.0.3</mixin>
  </mixins>
  <upgrader>CiviMix\Schema\Civirules\AutomaticUpgrader</upgrader>
</extension>
