[
  {"name":"new_activity","label":"Activity is added","object_name":"Activity","op":"create","class_name":"CRM_CivirulesPostTrigger_Activity","cron":"0"},
  {"name":"changed_activity","label":"Activity is changed","object_name":"Activity","op":"edit","class_name":"CRM_CivirulesPostTrigger_Activity","cron":"0"},
  {"name":"changed_activity_related_participant","label":"Activity is changed (trigger for participants on related event)","object_name":"Activity","op":"edit","class_name":"CRM_CivirulesPostTrigger_RelatedParticipantWhenActivityChanged","cron":"0"},
  {"name":"activity_is_tagged_related_participant","label":"Activity is tagged (trigger for participants on related event)","object_name":"EntityTag","op":"create","class_name":"CRM_CivirulesPostTrigger_RelatedParticipantWhenActivityIsTagged","cron":"0"},
  {"name":"deleted_activity","label":"Activity is deleted","object_name":"Activity","op":"delete","class_name":"CRM_CivirulesPostTrigger_Activity","cron":"0"},
  {"name":"new_address","label":"Address is added","object_name":"Address","op":"create","class_name":null,"cron":"0"},
  {"name":"changed_address","label":"Address is changed","object_name":"Address","op":"edit","class_name":null,"cron":"0"},
  {"name":"deleted_address","label":"Address is deleted","object_name":"Address","op":"delete","class_name":null,"cron":"0"},
  {"name":"changed_case","label":"Case is changed","object_name":"Case","op":"edit","class_name":"CRM_CivirulesPostTrigger_Case","cron":"0"},
  {"name":"changed_case","label":"Case is changed","object_name":"Case","op":"edit","class_name":"CRM_CivirulesPostTrigger_Case","cron":"0"},
  {"name":"deleted_case","label":"Case is deleted","object_name":"Case","op":"delete","class_name":"CRM_CivirulesPostTrigger_Case","cron":"0"},
  {"name":"new_contact","label":"Contact of any type is added","object_name":"Contact","op":"create","class_name":"CRM_CivirulesPostTrigger_Contact","cron":"0"},
  {"name":"changed_contact","label":"Contact of any type is changed","object_name":"Contact","op":"edit","class_name":"CRM_CivirulesPostTrigger_Contact","cron":"0"},
  {"name":"deleted_contact","label":"Contact of any type is deleted","object_name":"Contact","op":"delete","class_name":"CRM_CivirulesPostTrigger_Contact","cron":"0"},
  {"name":"trashed_contact","label":"Contact of any type is trashed","object_name":"Contact","op":"update","class_name":"CRM_CivirulesPostTrigger_ContactTrashed","cron":"0"},
  {"name":"restored_contact","label":"Contact of any type is restored","object_name":"Contact","op":"update","class_name":"CRM_CivirulesPostTrigger_ContactRestored","cron":"0"},
  {"name":"new_individual","label":"Individual is added","object_name":"Individual","op":"create","class_name":"CRM_CivirulesPostTrigger_Contact","cron":"0"},
  {"name":"changed_individual","label":"Individual is changed","object_name":"Individual","op":"edit","class_name":"CRM_CivirulesPostTrigger_Contact","cron":"0"},
  {"name":"deleted_individual","label":"Individual is deleted","object_name":"Individual","op":"delete","class_name":"CRM_CivirulesPostTrigger_Contact","cron":"0"},
  {"name":"trashed_individual","label":"Individual is trashed","object_name":"Individual","op":"update","class_name":"CRM_CivirulesPostTrigger_ContactTrashed","cron":"0"},
  {"name":"restored_individual","label":"Individual is restored","object_name":"Individual","op":"update","class_name":"CRM_CivirulesPostTrigger_ContactRestored","cron":"0"},
  {"name":"new_household","label":"Household is added","object_name":"Household","op":"create","class_name":"CRM_CivirulesPostTrigger_Contact","cron":"0"},
  {"name":"changed_household","label":"Household is changed","object_name":"Household","op":"edit","class_name":"CRM_CivirulesPostTrigger_Contact","cron":"0"},
  {"name":"deleted_household","label":"Household is deleted","object_name":"Household","op":"delete","class_name":"CRM_CivirulesPostTrigger_Contact","cron":"0"},
  {"name":"trashed_household","label":"Household is trashed","object_name":"Household","op":"update","class_name":"CRM_CivirulesPostTrigger_ContactTrashed","cron":"0"},
  {"name":"restored_household","label":"Household is restored","object_name":"Household","op":"update","class_name":"CRM_CivirulesPostTrigger_ContactRestored","cron":"0"},
  {"name":"new_organization","label":"Organization is added","object_name":"Organization","op":"create","class_name":"CRM_CivirulesPostTrigger_Contact","cron":"0"},
  {"name":"changed_organization","label":"Organization is changed","object_name":"Organization","op":"edit","class_name":"CRM_CivirulesPostTrigger_Contact","cron":"0"},
  {"name":"deleted_organization","label":"Organization is deleted","object_name":"Organization","op":"delete","class_name":"CRM_CivirulesPostTrigger_Contact","cron":"0"},
  {"name":"trashed_organization","label":"Organization is trashed","object_name":"Organization","op":"update","class_name":"CRM_CivirulesPostTrigger_ContactTrashed","cron":"0"},
  {"name":"restored_organization","label":"Organization is restored","object_name":"Organization","op":"update","class_name":"CRM_CivirulesPostTrigger_ContactRestored","cron":"0"},
  {"name":"new_contribution","label":"Contribution is added","object_name":"Contribution","op":"create","class_name":"CRM_CivirulesPostTrigger_Contribution","cron":"0"},
  {"name":"changed_contribution","label":"Contribution is changed","object_name":"Contribution","op":"edit","class_name":"CRM_CivirulesPostTrigger_Contribution","cron":"0"},
  {"name":"deleted_contribution","label":"Contribution is deleted","object_name":"Contribution","op":"delete","class_name":"CRM_CivirulesPostTrigger_Contribution","cron":"0"},
  {"name":"new_contribution_recur","label":"Recurring Contribution is added","object_name":"ContributionRecur","op":"create","class_name":"CRM_CivirulesPostTrigger_ContributionRecur","cron":"0"},
  {"name":"changed_contribution_recur","label":"Recurring Contribution is changed","object_name":"ContributionRecur","op":"edit","class_name":"CRM_CivirulesPostTrigger_ContributionRecur","cron":"0"},
  {"name":"deleted_contribution_recur","label":"Recurring Contribution is deleted","object_name":"ContributionRecur","op":"delete","class_name":"CRM_CivirulesPostTrigger_ContributionRecur","cron":"0"},
  {"name":"new_contribution_soft","label":"Soft Credit is added","object_name":"ContributionSoft","op":"create","class_name":"CRM_CivirulesPostTrigger_ContributionSoft","cron":"0"},
  {"name":"changed_contribution_soft","label":"Soft Credit is changed","object_name":"ContributionSoft","op":"edit","class_name":"CRM_CivirulesPostTrigger_ContributionSoft","cron":"0"},
  {"name":"deleted_contribution_soft","label":"Soft Credit is deleted","object_name":"ContributionSoft","op":"delete","class_name":"CRM_CivirulesPostTrigger_ContributionSoft","cron":"0"},
  {"name":"new_emailaddress","label":"Email-address is added","object_name":"Email","op":"create","class_name":null,"cron":"0"},
  {"name":"changed_emailaddress","label":"Email-address is changed","object_name":"Email","op":"edit","class_name":null,"cron":"0"},
  {"name":"deleted_emailaddress","label":"Email-address is deleted","object_name":"Email","op":"delete","class_name":null,"cron":"0"},
  {"name":"new_entity_tag","label":"Contact is tagged (tag is added to contact)","object_name":"EntityTag","op":"create","class_name":"CRM_CivirulesPostTrigger_EntityTag","cron":"0"},
  {"name":"deleted_entity_tag","label":"Contact is un-tagged (tag is removed from contact)","object_name":"EntityTag","op":"delete","class_name":"CRM_CivirulesPostTrigger_EntityTag","cron":"0"},
  {"name":"new_event","label":"Event is added","object_name":"Event","op":"create","class_name":"CRM_CivirulesPostTrigger_Event","cron":"0"},
  {"name":"changed_event","label":"Event is changed","object_name":"Event","op":"edit","class_name":"CRM_CivirulesPostTrigger_Event","cron":"0"},
  {"name":"deleted_event","label":"Event is deleted","object_name":"Event","op":"delete","class_name":"CRM_CivirulesPostTrigger_Event","cron":"0"},
  {"name":"new_grant","label":"Grant is added","object_name":"Grant","op":"create","class_name":null,"cron":"0"},
  {"name":"changed_grant","label":"Grant is changed","object_name":"Grant","op":"edit","class_name":null,"cron":"0"},
  {"name":"deleted_grant","label":"Grant is deleted","object_name":"Grant","op":"delete","class_name":null,"cron":"0"},
  {"name":"new_group","label":"Group is added","object_name":"Group","op":"create","class_name":null,"cron":"0"},
  {"name":"changed_group","label":"Group is changed","object_name":"Group","op":"edit","class_name":null,"cron":"0"},
  {"name":"deleted_group","label":"Group is deleted","object_name":"Group","op":"delete","class_name":null,"cron":"0"},
  {"name":"new_group_contact","label":"Contact is added to Group","object_name":"GroupContact","op":"create","class_name":"CRM_CivirulesPostTrigger_GroupContact","cron":"0"},
  {"name":"deleted_group_contact","label":"Contact is removed from Group","object_name":"GroupContact","op":"delete","class_name":"CRM_CivirulesPostTrigger_GroupContact","cron":"0"},
  {"name":"new_membership","label":"Membership is added","object_name":"Membership","op":"create","class_name":"CRM_CivirulesPostTrigger_Membership","cron":"0"},
  {"name":"changed_membership","label":"Membership is changed","object_name":"Membership","op":"edit","class_name":"CRM_CivirulesPostTrigger_Membership","cron":"0"},
  {"name":"deleted_membership","label":"Membership is deleted","object_name":"Membership","op":"delete","class_name":"CRM_CivirulesPostTrigger_Membership","cron":"0"},
  {"name":"renewed_membership","label":"Membership is renewed","object_name":"Membership","op":"edit","class_name":"CRM_CivirulesPostTrigger_MembershipRenewed","cron":"0"},
  {"name":"new_membership_payment","label":"Membership Payment is added","object_name":"MembershipPayment","op":"create","class_name":"CRM_CivirulesPostTrigger_MembershipPayment","cron":"0"},
  {"name":"changed_membership_payment","label":"Membership Payment is changed","object_name":"MembershipPayment","op":"edit","class_name":"CRM_CivirulesPostTrigger_MembershipPayment","cron":"0"},
  {"name":"deleted_membership_payment","label":"Membership Payment is deleted","object_name":"MembershipPayment","op":"delete","class_name":"CRM_CivirulesPostTrigger_MembershipPayment","cron":"0"},
  {"name":"new_participant","label":"Event Participant is added","object_name":"Participant","op":"create","class_name":"CRM_CivirulesPostTrigger_Participant","cron":"0"},
  {"name":"changed_participant","label":"Event Participant is changed","object_name":"Participant","op":"edit","class_name":"CRM_CivirulesPostTrigger_Participant","cron":"0"},
  {"name":"deleted_participant","label":"Event Participant is deleted","object_name":"Participant","op":"delete","class_name":"CRM_CivirulesPostTrigger_Participant","cron":"0"},
  {"name":"new_participant_payment","label":"Event Participant Payment is added","object_name":"ParticipantPayment","op":"create","class_name":null,"cron":"0"},
  {"name":"changed_participant_payment","label":"Event Participant Payment is changed","object_name":"ParticipantPayment","op":"edit","class_name":null,"cron":"0"},
  {"name":"deleted_participant_payment","label":"Event Participant is deleted","object_name":"ParticipantPayment","op":"delete","class_name":null,"cron":"0"},
  {"name":"new_phone","label":"Phonenumber is added","object_name":"Phone","op":"create","class_name":null,"cron":"0"},
  {"name":"changed_phone","label":"Phonenumber is changed","object_name":"Phone","op":"edit","class_name":null,"cron":"0"},
  {"name":"deleted_phone","label":"Phonenumber is deleted","object_name":"Phone","op":"delete","class_name":null,"cron":"0"},
  {"name":"new_pledge","label":"Pledge is added","object_name":"Pledge","op":"create","class_name":null,"cron":"0"},
  {"name":"changed_pledge","label":"Pledge is changed","object_name":"Pledge","op":"edit","class_name":null,"cron":"0"},
  {"name":"deleted_pledge","label":"Pledge is deleted","object_name":"Pledge","op":"delete","class_name":null,"cron":"0"},
  {"name":"new_pledge_payment","label":"Pledge Payment is added","object_name":"PledgePayment","op":"create","class_name":null,"cron":"0"},
  {"name":"changed_pledge_payment","label":"Pledge Payment is changed","object_name":"PledgePayment","op":"edit","class_name":null,"cron":"0"},
  {"name":"deleted_pledge_payment","label":"Pledge Payment is deleted","object_name":"PledgePayment","op":"delete","class_name":null,"cron":"0"},
  {"name":"new_relationship","label":"Relationship is added","object_name":"Relationship","op":"create","class_name":"CRM_CivirulesPostTrigger_Relationship","cron":"0"},
  {"name":"changed_relationship","label":"Relationship is changed","object_name":"Relationship","op":"edit","class_name":"CRM_CivirulesPostTrigger_Relationship","cron":"0"},
  {"name":"deleted_relationship","label":"Relationship is deleted","object_name":"Relationship","op":"delete","class_name":"CRM_CivirulesPostTrigger_Relationship","cron":"0"},
  {"name":"new_tag","label":"Tag is added","object_name":"Tag","op":"create","class_name":null,"cron":"0"},
  {"name":"changed_tag","label":"Tag is changed","object_name":"Tag","op":"edit","class_name":null,"cron":"0"},
  {"name":"deleted_tag","label":"Tag is deleted","object_name":"Tag","op":"delete","class_name":null,"cron":"0"},
  {"name":"changed_case_activity","label":"Case activity is changed","object_name":"Activity","op":"edit","class_name":"CRM_CivirulesPostTrigger_CaseActivity","cron":"0"},
  {"name":"added_case_activity","label":"Case activity is added","object_name":"Activity","op":"create","class_name":"CRM_CivirulesPostTrigger_CaseActivity","cron":"0"},
  {"name":"changed_case_custom_data","label":"Custom data on case changed","object_name":null,"op":null,"class_name":"CRM_CivirulesPostTrigger_CaseCustomDataChanged","cron":"0"},
  {"name":"birthday","label":"Individual has birthday","object_name":null,"op":null,"class_name":"CRM_CivirulesCronTrigger_Birthday","cron":"1"},
  {"name":"groupmembership","label":"Daily trigger for group members","object_name":null,"op":null,"class_name":"CRM_CivirulesCronTrigger_GroupMembership","cron":"1"},
  {"name":"activitydate","label":"Activity Date reached","object_name":null,"op":null,"class_name":"CRM_CivirulesCronTrigger_ActivityDate","cron":"1"},
  {"name":"caseactivity","label":"Daily trigger for case activity","object_name":null,"op":null,"class_name":"CRM_CivirulesCronTrigger_CaseActivity","cron":"1"},
  {"name":"changed_contact_custom_data","label":"Custom Data on Contact (of any Type) Changed","object_name":null,"op":null,"class_name":"CRM_CivirulesPostTrigger_ContactCustomDataChanged","cron":"0"},
  {"name":"changed_household_custom_data","label":"Custom Data on Household Changed","object_name":null,"op":null,"class_name":"CRM_CivirulesPostTrigger_HouseholdCustomDataChanged","cron":"0"},
  {"name":"changed_individual_custom_data","label":"Custom Data on Individual Changed","object_name":null,"op":null,"class_name":"CRM_CivirulesPostTrigger_IndividualCustomDataChanged","cron":"0"},
  {"name":"changed_organization_custom_data","label":"Custom Data on Organization Changed","object_name":null,"op":null,"class_name":"CRM_CivirulesPostTrigger_OrganizationCustomDataChanged","cron":"0"},
  {"name":"membershipenddate","label":"Membership End Date","object_name":null,"op":null,"class_name":"CRM_CivirulesCronTrigger_MembershipEndDate","cron":"1"},
  {"name":"activityscheduleddate","label":"Activity Scheduled Date","object_name":null,"op":null,"class_name":"CRM_CivirulesCronTrigger_ActivityScheduledDate","cron":"1"},
  {"name":"eventdate","label":"Event Date reached","object_name":null,"op":null,"class_name":"CRM_CivirulesCronTrigger_EventDate","cron":"1"},
  {"name": "create_ufmatch", "label": "UF Match (link with CMS user) is added", "object_name": "UFMatch", "op": "create", "class_name":null,"cron":"0"},
  {"name": "created_campaign", "label": "Campaign is added", "object_name": "Campaign", "op": "create", "class_name": null, "cron": "0"},
  {"name": "changed_campaign", "label": "Campaign is changed", "object_name": "Campaign", "op": "edit", "class_name": null, "cron": "0"},
  {"name": "deleted_campaign", "label": "Campaign is deleted", "object_name": "Campaign", "op": "delete", "class_name": null, "cron": "0"},
  {"name": "created_actionlog", "label": "Scheduled Reminder log is added", "object_name": "ActionLog", "op": "create", "class_name":"CRM_CivirulesPostTrigger_ActionLog", "cron": "0"},
  {"name": "changed_actionlog", "label": "Scheduled Reminder log is changed", "object_name": "ActionLog", "op": "edit", "class_name":"CRM_CivirulesPostTrigger_ActionLog", "cron": "0"},
  {"name": "relationship_activated", "label": "Relationship start date reached", "object_name": "Relationship", "op": "edit", "class_name": "CRM_CivirulesCronTrigger_RelationshipStartDate", "cron": "1"},
  {"name": "relationship_deactivated", "label": "Relationship end date reached", "object_name": "Relationship", "op": "edit", "class_name": "CRM_CivirulesCronTrigger_RelationshipEndDate", "cron": "1"},
  {"name": "next_scheduled_contribution", "label": "Daily trigger on Next Scheduled (Recurring) Contribution", "object_name": null, "op": null, "class_name": "CRM_CivirulesCronTrigger_NextContributionDate", "cron": "1"},
  {"name":"membership_activity","label":"Membership Activity","object_name":"Activity","op":"create|edit","class_name":"CRM_CivirulesPostTrigger_MembershipActivity","cron":"0"}
]
