<?xml version="1.0"?>
<menu>
  <item>
    <path>civicrm/civirule/form/rule</path>
    <page_callback>CRM_Civirules_Form_Rule</page_callback>
    <title>Rule</title>
    <access_arguments>administer CiviCRM; administer CiviRules</access_arguments>
  </item>
  <item>
    <path>civicrm/civirule/form/rule_condition</path>
    <page_callback>CRM_Civirules_Form_RuleCondition</page_callback>
    <title>RuleCondition</title>
    <access_arguments>administer CiviCRM; administer CiviRules</access_arguments>
  </item>
  <item>
    <path>civicrm/civirule/form/rule_action</path>
    <page_callback>CRM_Civirules_Form_RuleAction</page_callback>
    <title>RuleAction</title>
    <access_arguments>administer CiviCRM; administer CiviRules</access_arguments>
  </item>
  <item>
    <path>civicrm/civirule/form/condition/datacomparison</path>
    <page_callback>CRM_CivirulesConditions_Form_ValueComparison</page_callback>
    <title>Value comparison</title>
    <access_arguments>administer CiviCRM; administer CiviRules</access_arguments>
  </item>
  <item>
    <path>civicrm/civirule/form/condition/datachangedcomparison</path>
    <page_callback>CRM_CivirulesConditions_Form_FieldValueChangeComparison</page_callback>
    <title>Value comparison</title>
    <access_arguments>administer CiviCRM; administer CiviRules</access_arguments>
  </item>
  <item>
    <path>civicrm/civirule/form/condition/fieldvaluecomparison</path>
    <page_callback>CRM_CivirulesConditions_Form_FieldValueComparison</page_callback>
    <title>Value comparison</title>
    <access_arguments>administer CiviCRM; administer CiviRules</access_arguments>
  </item>
  <item>
    <path>civicrm/civirule/form/condition/groupcontact/groupid</path>
    <page_callback>CRM_CivirulesConditions_Form_GroupContact_GroupId</page_callback>
    <title>Group Id</title>
    <access_arguments>administer CiviCRM; administer CiviRules</access_arguments>
  </item>
  <item>
    <path>civicrm/civirule/form/condition/contact/hasbeeningroup</path>
    <page_callback>CRM_CivirulesConditions_Form_Contact_HasBeenInGroup</page_callback>
    <title>Has Been in Group</title>
    <access_arguments>administer CiviCRM; administer CiviRules</access_arguments>
  </item>
  <item>
    <path>civicrm/civirule/form/condition/contact/hasactivityincampaign</path>
    <page_callback>CRM_CivirulesConditions_Form_Contact_HasActivityInCampaign</page_callback>
    <title>Has Activity In Campaign</title>
    <access_arguments>administer CiviCRM; administer CiviRules</access_arguments>
  </item>
  <item>
    <path>civicrm/civirule/form/condition/contact/livesincountry</path>
    <page_callback>CRM_CivirulesConditions_Form_Contact_LivesInCountry</page_callback>
    <title>Lives In Country</title>
    <access_arguments>administer CiviCRM; administer CiviRules</access_arguments>
  </item>
  <item>
    <path>civicrm/civirule/form/condition/activity/campaign</path>
    <page_callback>CRM_CivirulesConditions_Form_Activity_Campaign</page_callback>
    <title>Activity is (not) in Campaign(s)</title>
    <access_arguments>administer CiviCRM; administer CiviRules</access_arguments>
  </item>
  <item>
    <path>civicrm/civirule/form/condition/activity/date</path>
    <page_callback>CRM_CivirulesConditions_Form_Activity_Date</page_callback>
    <title>Activity Date</title>
    <access_arguments>administer CiviCRM; administer CiviRules</access_arguments>
  </item>
  <item>
    <path>civicrm/civirule/form/condition/generic/date</path>
    <page_callback>CRM_CivirulesConditions_Form_Generic_Date</page_callback>
    <title>Activity/Participation/Event Date</title>
    <access_arguments>administer CiviCRM; administer CiviRules</access_arguments>
  </item>
  <item>
    <path>civicrm/civirule/form/condition/entitytag/tagid</path>
    <page_callback>CRM_CivirulesConditions_Form_EntityTag_TagId</page_callback>
    <title>EntityTag Tag Id</title>
    <access_arguments>administer CiviCRM; administer CiviRules</access_arguments>
  </item>
 <item>
    <path>civicrm/civirule/form/condition/contribution/is_recurring</path>
    <page_callback>CRM_CivirulesConditions_Form_Contribution_IsRecurring</page_callback>
    <title>Is Contribution Recurring?</title>
    <access_arguments>administer CiviCRM; administer CiviRules</access_arguments>
  </item>
  <item>
    <path>civicrm/civirule/form/condition/case/casetype</path>
    <page_callback>CRM_CivirulesConditions_Form_Case_CaseType</page_callback>
    <title>case type</title>
    <access_arguments>administer CiviCRM; administer CiviRules</access_arguments>
  </item>
  <item>
    <path>civicrm/civirule/form/condition/group/grouptype</path>
    <page_callback>CRM_CivirulesConditions_Form_Group_GroupType</page_callback>
    <title>group type</title>
    <access_arguments>administer CiviCRM; administer CiviRules</access_arguments>
  </item>
  <item>
    <path>civicrm/civirule/form/condition/groupcontact/ingroupsince</path>
    <page_callback>CRM_CivirulesConditions_Form_GroupContact_InGroupSince</page_callback>
    <title>contact in group since</title>
    <access_arguments>administer CiviCRM; administer CiviRules</access_arguments>
  </item>
  <item>
    <path>civicrm/civirule/form/condition/relationship/relationshiptype</path>
    <page_callback>CRM_CivirulesConditions_Form_Relationship_RelationshipType</page_callback>
    <title>relationship type</title>
    <access_arguments>administer CiviCRM; administer CiviRules</access_arguments>
  </item>
  <item>
    <path>civicrm/civirule/form/condition/case/caseactivity</path>
    <page_callback>CRM_CivirulesConditions_Form_Case_CaseActivity</page_callback>
    <title>case activity</title>
    <access_arguments>administer CiviCRM; administer CiviRules</access_arguments>
  </item>
  <item>
    <path>civicrm/civirule/form/condition/membershiptype</path>
    <page_callback>CRM_CivirulesConditions_Form_Membership_Type</page_callback>
    <title>membership type</title>
    <access_arguments>administer CiviCRM; administer CiviRules</access_arguments>
  </item>
  <item>
    <path>civicrm/civirule/form/condition/activemembershiptype</path>
    <page_callback>CRM_CivirulesConditions_Form_Membership_ActiveMembership</page_callback>
    <title>membership type</title>
    <access_arguments>administer CiviCRM; administer CiviRules</access_arguments>
  </item>
  <item>
    <path>civicrm/civirule/form/condition/hasnotactivemembershiptype</path>
    <page_callback>CRM_CivirulesConditions_Form_Membership_HasNotActiveMembership</page_callback>
    <title>membership type</title>
    <access_arguments>administer CiviCRM; administer CiviRules</access_arguments>
  </item>
  <item>
    <path>civicrm/civirule/form/condition/contacthasmembership</path>
    <page_callback>CRM_CivirulesConditions_Form_Membership_ContactHasMembership</page_callback>
    <title>contact has membership</title>
    <access_arguments>administer CiviCRM; administer CiviRules</access_arguments>
  </item>
  <item>
    <path>civicrm/civirule/form/condition/recurhasmembership</path>
    <page_callback>CRM_CivirulesConditions_Form_ContributionRecur_Membership</page_callback>
    <title>recurring contribution has membership</title>
    <access_arguments>administer CiviCRM; administer CiviRules</access_arguments>
  </item>
  <item>
    <path>civicrm/civirule/form/condition/status</path>
    <page_callback>CRM_CivirulesConditions_Form_Status</page_callback>
    <title>Status</title>
    <access_arguments>administer CiviCRM; administer CiviRules</access_arguments>
  </item>
  <item>
    <path>civicrm/civirule/form/condition/membershipenddatechanged</path>
    <page_callback>CRM_CivirulesConditions_Form_Membership_EndDateChanged</page_callback>
    <title>membership end date chnaged</title>
    <access_arguments>administer CiviCRM; administer CiviRules</access_arguments>
  </item>
  <item>
    <path>civicrm/civirule/form/condition/recurfrequency</path>
    <page_callback>CRM_CivirulesConditions_Form_ContributionRecur_Frequency</page_callback>
    <title>Recurring Contribution Frequency is</title>
    <access_arguments>administer CiviCRM; administer CiviRules</access_arguments>
  </item>
  <item>
    <path>civicrm/civirule/form/condition/recurringpaymentprocessor</path>
    <page_callback>CRM_CivirulesConditions_Form_ContributionRecur_PaymentProcessor</page_callback>
    <title>Recurring Contribution Payment Processor is</title>
    <access_arguments>administer CiviCRM; administer CiviRules</access_arguments>
  </item>
  <item>
    <path>civicrm/civirule/form/condition/contribution_totalcontributedamount</path>
    <page_callback>CRM_CivirulesConditions_Form_Contribution_TotalContributedAmount</page_callback>
    <title>Total contributed amount</title>
    <access_arguments>administer CiviCRM; administer CiviRules</access_arguments>
  </item>
  <item>
    <path>civicrm/civirule/form/condition/contribution_financialtype</path>
    <page_callback>CRM_CivirulesConditions_Form_Contribution_FinancialType</page_callback>
    <title>financial type</title>
    <access_arguments>administer CiviCRM; administer CiviRules</access_arguments>
  </item>
  <item>
    <path>civicrm/civirule/form/condition/contribution_campaign</path>
    <page_callback>CRM_CivirulesConditions_Form_Contribution_Campaign</page_callback>
    <title>contribution campaign</title>
    <access_arguments>administer CiviCRM; administer CiviRules</access_arguments>
  </item>
  <item>
    <path>civicrm/civirule/form/condition/contribution_recur_financialtype</path>
    <page_callback>CRM_CivirulesConditions_Form_ContributionRecur_FinancialType</page_callback>
    <title>financial type</title>
    <access_arguments>administer CiviCRM; administer CiviRules</access_arguments>
  </item>
  <item>
    <path>civicrm/civirule/form/condition/contribution_recur_campaign</path>
    <page_callback>CRM_CivirulesConditions_Form_ContributionRecur_Campaign</page_callback>
    <title>recurring contribution campaign</title>
    <access_arguments>administer CiviCRM; administer CiviRules</access_arguments>
  </item>
  <item>
    <path>civicrm/civirule/form/condition/contribution_distinctcontributingday</path>
    <page_callback>CRM_CivirulesConditions_Form_Contribution_DistinctContributingDay</page_callback>
    <title>distinct contributing days</title>
    <access_arguments>administer CiviCRM; administer CiviRules</access_arguments>
  </item>
  <item>
    <path>civicrm/civirule/form/condition/contribution_recur_count</path>
    <page_callback>CRM_CivirulesConditions_Form_ContributionRecur_Count</page_callback>
    <title>recurring contribution collections</title>
    <access_arguments>administer CiviCRM; administer CiviRules</access_arguments>
  </item>
  <item>
    <path>civicrm/civirule/form/condition/contribution_recur_xth_contribution</path>
    <page_callback>CRM_CivirulesConditions_Form_ContributionRecur_xthContribution</page_callback>
    <title>xth recurring contribution</title>
    <access_arguments>administer CiviCRM; administer CiviRules</access_arguments>
  </item>
  <item>
    <path>civicrm/civirule/form/condition/contribution_recur_donorisrecurring</path>
    <page_callback>CRM_CivirulesConditions_Form_ContributionRecur_DonorIsRecurring</page_callback>
    <title>donor has recurring contributions</title>
    <access_arguments>administer CiviCRM; administer CiviRules</access_arguments>
  </item>
  <item>
    <path>civicrm/civirule/form/condition/contribution_recur_enddate</path>
    <page_callback>CRM_CivirulesConditions_Form_ContributionRecur_EndDate</page_callback>
    <title>end date recurring contribution</title>
    <access_arguments>administer CiviCRM; administer CiviRules</access_arguments>
  </item>
  <item>
    <path>civicrm/civirule/form/condition/contribution_specificamount</path>
    <page_callback>CRM_CivirulesConditions_Form_Contribution_SpecificAmount</page_callback>
    <title>specific amount count</title>
    <access_arguments>administer CiviCRM; administer CiviRules</access_arguments>
  </item>
  <item>
    <path>civicrm/civirule/form/condition/contribution/xthcontribution</path>
    <page_callback>CRM_CivirulesConditions_Form_Contribution_xthContribution</page_callback>
    <title>xth contribution of donor</title>
    <access_arguments>administer CiviCRM; administer CiviRules</access_arguments>
  </item>
  <item>
    <path>civicrm/civirule/form/condition/contribution/xthcontributionlast</path>
    <page_callback>CRM_CivirulesConditions_Form_Contribution_xthContributionLast</page_callback>
    <title>xth contribution of donor in last time interval</title>
    <access_arguments>administer CiviCRM; administer CiviRules</access_arguments>
  </item>
  <item>
    <path>civicrm/civirule/form/condition/contact_ingroup</path>
    <page_callback>CRM_CivirulesConditions_Form_Contact_InGroup</page_callback>
    <title>In Group</title>
    <access_arguments>administer CiviCRM; administer CiviRules</access_arguments>
  </item>
  <item>
    <path>civicrm/civirule/form/condition/contact_indomain</path>
    <page_callback>CRM_CivirulesConditions_Form_Contact_InDomain</page_callback>
    <title>In Domain</title>
    <access_arguments>administer CiviCRM; administer CiviRules</access_arguments>
  </item>
  <item>
    <path>civicrm/civirule/form/condition/entity_hastag</path>
    <page_callback>CRM_CivirulesConditions_Form_EntityTag_HasTag</page_callback>
    <title>Entity Has Tag</title>
    <access_arguments>administer CiviCRM; administer CiviRules</access_arguments>
  </item>
  <item>
    <path>civicrm/civirule/form/condition/contact_hassubtype</path>
    <page_callback>CRM_CivirulesConditions_Form_Contact_HasSubtype</page_callback>
    <title>Has Subtype</title>
    <access_arguments>administer CiviCRM; administer CiviRules</access_arguments>
  </item>
  <item>
    <path>civicrm/civirule/form/condition/contact_hasphone</path>
    <page_callback>CRM_CivirulesConditions_Form_Contact_HasPhone</page_callback>
    <title>Has Phone</title>
    <access_arguments>administer CiviCRM; administer CiviRules</access_arguments>
  </item>
  <item>
    <path>civicrm/civirule/form/condition/contribution_paidby</path>
    <page_callback>CRM_CivirulesConditions_Form_Contribution_PaidBy</page_callback>
    <title>paid by</title>
    <access_arguments>administer CiviCRM; administer CiviRules</access_arguments>
  </item>
  <item>
    <path>civicrm/civirule/form/action/groupcontact</path>
    <page_callback>CRM_CivirulesActions_GroupContact_Form_GroupId</page_callback>
    <title>Group contact</title>
    <access_arguments>administer CiviCRM; administer CiviRules</access_arguments>
  </item>
  <item>
    <path>civicrm/civirule/form/action/groupcontact/addrelated</path>
    <page_callback>CRM_CivirulesActions_GroupContact_Form_AddRelated</page_callback>
    <title>Related Group contact</title>
    <access_arguments>administer CiviCRM; administer CiviRules</access_arguments>
  </item>
  <item>
    <path>civicrm/civirule/form/action/contribution/financialtype</path>
    <page_callback>CRM_CivirulesActions_Contribution_Form_FinancialType</page_callback>
    <title>Financial Type</title>
    <access_arguments>administer CiviCRM; administer CiviRules</access_arguments>
  </item>
  <item>
    <path>civicrm/civirule/form/action/contribution/thankyoudate</path>
    <page_callback>CRM_CivirulesActions_Contribution_Form_ThankYouDate</page_callback>
    <title>Contribution Thank You Date</title>
    <access_arguments>administer CiviCRM; administer CiviRules</access_arguments>
  </item>
  <item>
    <path>civicrm/civirule/form/trigger/groupmembership</path>
    <page_callback>CRM_CivirulesCronTrigger_Form_GroupMembership</page_callback>
    <title>Group membership</title>
    <access_arguments>administer CiviCRM; administer CiviRules</access_arguments>
  </item>
  <item>
    <path>civicrm/civirule/form/trigger/event</path>
    <page_callback>CRM_CivirulesPostTrigger_Form_Event</page_callback>
    <title>Event</title>
    <access_arguments>administer CiviCRM; administer CiviRules</access_arguments>
  </item>
  <item>
    <path>civicrm/civirule/form/trigger/activitydate</path>
    <page_callback>CRM_CivirulesCronTrigger_Form_ActivityDate</page_callback>
    <title>Activity date reached</title>
    <access_arguments>administer CiviCRM; administer CiviRules</access_arguments>
  </item>
  <item>
    <path>civicrm/civirule/form/trigger/activityscheduleddate</path>
    <page_callback>CRM_CivirulesCronTrigger_Form_ActivityScheduledDate</page_callback>
    <title>Activity Scheduled Date</title>
    <access_arguments>administer CiviCRM; administer CiviRules</access_arguments>
  </item>
  <item>
    <path>civicrm/civirule/form/trigger/membershipenddate</path>
    <page_callback>CRM_CivirulesCronTrigger_Form_MembershipEndDate</page_callback>
    <title>Activity date reached</title>
    <access_arguments>administer CiviCRM; administer CiviRules</access_arguments>
  </item>
  <item>
    <path>civicrm/civirule/form/action/tag</path>
    <page_callback>CRM_CivirulesActions_Tag_Form_TagId</page_callback>
    <title>Tag</title>
    <access_arguments>administer CiviCRM; administer CiviRules</access_arguments>
  </item>
  <item>
    <path>civicrm/civirule/form/action/sync_tag</path>
    <page_callback>CRM_CivirulesActions_Tag_Form_Sync</page_callback>
    <title>Syncronize Contact Tags</title>
    <access_arguments>administer CiviCRM; administer CiviRules</access_arguments>
  </item>
  <item>
    <path>civicrm/civirule/form/action/tag/entitytag</path>
    <page_callback>CRM_CivirulesActions_Tag_Form_EntityTag</page_callback>
    <title>Entity Tag</title>
    <access_arguments>administer CiviCRM; administer CiviRules</access_arguments>
  </item>
  <item>
    <path>civicrm/civirule/form/action/contact/subtype</path>
    <page_callback>CRM_CivirulesActions_Contact_Form_Subtype</page_callback>
    <title>Set contact subtype</title>
    <access_arguments>access CiviCRM</access_arguments>
    <access_arguments>administer CiviCRM; administer CiviRules</access_arguments>
  </item>
  <item>
    <path>civicrm/civirule/form/action/contact/updatenumericvalue</path>
    <page_callback>CRM_CivirulesActions_Contact_Form_UpdateNumericValue</page_callback>
    <title>Update Numeric Value</title>
    <access_arguments>administer CiviCRM; administer CiviRules</access_arguments>
  </item>
  <item>
    <path>civicrm/civirule/form/action/contact/updatedatevalue</path>
    <page_callback>CRM_CivirulesActions_Contact_Form_UpdateDateValue</page_callback>
    <title>Update Date Value</title>
    <access_arguments>administer CiviCRM; administer CiviRules</access_arguments>
  </item>
  <item>
    <path>civicrm/civirule/form/action/generic/updatedatevalue</path>
    <page_callback>CRM_CivirulesActions_Generic_Form_UpdateDateValue</page_callback>
    <title>Advanced Update Date Value</title>
    <access_arguments>administer CiviCRM; administer CiviRules</access_arguments>
  </item>
  <item>
    <path>civicrm/civirule/form/action/generic/setcustomvalue</path>
    <page_callback>CRM_CivirulesActions_Generic_Form_SetCustomField</page_callback>
    <title>Set Custom Field</title>
    <access_arguments>administer CiviCRM; administer CiviRules</access_arguments>
  </item>
  <item>
    <path>civicrm/civirule/form/action/generic/copycustomvalue</path>
    <page_callback>CRM_CivirulesActions_Generic_Form_CopyCustomField</page_callback>
    <title>Set Custom Field on an entiy with data from another Custom Field</title>
    <access_arguments>administer CiviCRM; administer CiviRules</access_arguments>
  </item>
  <item>
    <path>civicrm/civirule/form/action/contact/setcustomvalue</path>
    <page_callback>CRM_CivirulesActions_Contact_Form_SetCustomField</page_callback>
    <title>Set Custom Field</title>
    <access_arguments>administer CiviCRM; administer CiviRules</access_arguments>
  </item>
  <item>
    <path>civicrm/civirule/form/action/contact/copycustomvalue</path>
    <page_callback>CRM_CivirulesActions_Contact_Form_CopyCustomField</page_callback>
    <title>Set Custom Field with data from another Custom Field</title>
    <access_arguments>administer CiviCRM; administer CiviRules</access_arguments>
  </item>
  <item>
    <path>civicrm/civirule/form/action/contact/jobtitle</path>
    <page_callback>CRM_CivirulesActions_Contact_Form_Jobtitle</page_callback>
    <title>Set contact job title</title>
    <access_arguments>administer CiviCRM; administer CiviRules</access_arguments>
  </item>
  <item>
    <path>civicrm/civirule/form/action/contact/privacyoptions</path>
    <page_callback>CRM_CivirulesActions_Contact_Form_PrivacyOptions</page_callback>
    <title>Set contact privacy options</title>
    <access_arguments>administer CiviCRM; administer CiviRules</access_arguments>
  </item>
  <item>
    <path>civicrm/civirule/form/action/contact/commpref</path>
    <page_callback>CRM_CivirulesActions_Contact_Form_CommPref</page_callback>
    <title>Set contact communication preferences</title>
    <access_arguments>administer CiviCRM; administer CiviRules</access_arguments>
  </item>
  <item>
    <path>civicrm/civirule/form/action/activity</path>
    <page_callback>CRM_CivirulesActions_Activity_Form_Activity</page_callback>
    <title>Activity</title>
    <access_arguments>administer CiviCRM; administer CiviRules</access_arguments>
  </item>
  <item>
    <path>civicrm/civirule/form/action/assignActivityToContact</path>
    <page_callback>CRM_CivirulesActions_Activity_Form_AssignToContact</page_callback>
    <title>Activity</title>
    <access_arguments>administer CiviCRM; administer CiviRules</access_arguments>
  </item>
  <item>
    <path>civicrm/civirule/form/action/activity/edit</path>
    <page_callback>CRM_CivirulesActions_Activity_Form_ActivityEdit</page_callback>
    <title>Activity Edit</title>
    <access_arguments>administer CiviCRM; administer CiviRules</access_arguments>
  </item>
  <item>
    <path>civicrm/civirule/form/action/activity/add_to_case</path>
    <page_callback>CRM_CivirulesActions_Activity_Form_AddToCase</page_callback>
    <title>Activity Add To Case</title>
    <access_arguments>administer CiviCRM; administer CiviRules</access_arguments>
  </item>
  <item>
    <path>civicrm/civirule/form/action/activity_update_status</path>
    <page_callback>CRM_CivirulesActions_Activity_Form_UpdateStatus</page_callback>
    <title>Update activity status</title>
    <access_arguments>administer CiviCRM; administer CiviRules</access_arguments>
  </item>
  <item>
    <path>civicrm/civirule/form/action/activity_add_target_contact</path>
    <page_callback>CRM_CivirulesActions_Activity_Form_AddTargetContact</page_callback>
    <title>Add target contact to activity</title>
    <access_arguments>administer CiviCRM; administer CiviRules</access_arguments>
  </item>
  <item>
    <path>civicrm/civirule/form/condition/activity_type</path>
    <page_callback>CRM_CivirulesConditions_Form_Activity_Type</page_callback>
    <title>Activity Type</title>
    <access_arguments>administer CiviCRM; administer CiviRules</access_arguments>
  </item>
  <item>
    <path>civicrm/civirule/form/condition/campaign_type</path>
    <page_callback>CRM_CivirulesConditions_Form_Campaign_Type</page_callback>
    <title>Campaign Type</title>
    <access_arguments>administer CiviCRM; administer CiviRules</access_arguments>
  </item>
  <item>
    <path>civicrm/civirule/form/condition/activity_details</path>
    <page_callback>CRM_CivirulesConditions_Form_Activity_Details</page_callback>
    <title>Activity Details</title>
    <access_arguments>administer CiviCRM; administer CiviRules</access_arguments>
  </item>
  <item>
    <path>civicrm/civirule/form/condition/activity_subject</path>
    <page_callback>CRM_CivirulesConditions_Form_Activity_Subject</page_callback>
    <title>Activity Subject</title>
    <access_arguments>administer CiviCRM; administer CiviRules</access_arguments>
  </item>
  <item>
    <path>civicrm/civirule/form/condition/activity_contact_record_type</path>
    <page_callback>CRM_CivirulesConditions_Form_Activity_RecordType</page_callback>
    <title>Activity Contact Record Type</title>
    <access_arguments>administer CiviCRM; administer CiviRules</access_arguments>
  </item>
  <item>
    <path>civicrm/civirule/form/action/display_message</path>
    <page_callback>CRM_CivirulesActions_User_Form_DisplayMessage</page_callback>
    <title>Display Message</title>
    <access_arguments>administer CiviCRM; administer CiviRules</access_arguments>
  </item>
  <item>
    <path>civicrm/civirule/form/action/case/addrole</path>
    <page_callback>CRM_CivirulesActions_Case_Form_AddRole</page_callback>
    <title>Case - Add role</title>
    <access_arguments>administer CiviCRM; administer CiviRules</access_arguments>
  </item>
  <item>
    <path>civicrm/civirule/form/action/case/setstatus</path>
    <page_callback>CRM_CivirulesActions_Case_Form_SetStatus</page_callback>
    <title>Case - Set Status</title>
    <access_arguments>administer CiviCRM; administer CiviRules</access_arguments>
  </item>
  <item>
    <path>civicrm/civirule/form/action/case/setdatefield</path>
    <page_callback>CRM_CivirulesActions_Case_Form_SetDateField</page_callback>
    <title>Case - Set date field</title>
    <access_arguments>administer CiviCRM; administer CiviRules</access_arguments>
  </item>
  <item>
    <path>civicrm/civirule/form/action/case/setcustomvalue</path>
    <page_callback>CRM_CivirulesActions_Case_Form_SetCustomField</page_callback>
    <title>Set Custom Field on a Case</title>
    <access_arguments>administer CiviCRM; administer CiviRules</access_arguments>
  </item>
  <item>
    <path>civicrm/civirule/form/condition/event_type</path>
    <page_callback>CRM_CivirulesConditions_Form_Event_EventType</page_callback>
    <title>Event type</title>
    <access_arguments>administer CiviCRM; administer CiviRules</access_arguments>
  </item>
  <item>
    <path>civicrm/civirule/form/condition/participant_role</path>
    <page_callback>CRM_CivirulesConditions_Form_Participant_ParticipantRole</page_callback>
    <title>Participant Role</title>
    <access_arguments>administer CiviCRM; administer CiviRules</access_arguments>
  </item>
  <item>
    <path>civicrm/civirule/form/trigger/eventdate</path>
    <page_callback>CRM_CivirulesCronTrigger_Form_EventDate</page_callback>
    <title>Event date reached</title>
    <access_arguments>administer CiviCRM; administer CiviRules</access_arguments>
  </item>
  <item>
    <path>civicrm/civirule/form/trigger/activity</path>
    <page_callback>CRM_CivirulesPostTrigger_Form_Activity</page_callback>
    <title>Activity</title>
    <access_arguments>administer CiviCRM; administer CiviRules</access_arguments>
  </item>
  <item>
    <path>civicrm/civirule/form/action/participant_update_role</path>
    <!-- <page_callback>CRM_Civirules_Form_UpdateRole</page_callback> -->
    <page_callback>CRM_CivirulesActions_Participant_Form_UpdateRole</page_callback>
    <title>Update participant role</title>
    <access_arguments>administer CiviCRM; administer CiviRules</access_arguments>
  </item>
  <item>
    <path>civicrm/civirule/form/action/participant_update_status</path>
    <page_callback>CRM_CivirulesActions_Participant_Form_UpdateStatus</page_callback>
    <title>Update participant status</title>
    <access_arguments>administer CiviCRM; administer CiviRules</access_arguments>
  </item>
  <item>
    <path>civicrm/civirule/form/action/register</path>
    <page_callback>CRM_CivirulesActions_Participant_Form_Register</page_callback>
    <title>Register participant</title>
    <access_arguments>administer CiviCRM; administer CiviRules</access_arguments>
  </item>
  <item>
    <path>civicrm/civirule/form/condition/participant/statuschanged</path>
    <page_callback>CRM_CivirulesConditions_Form_Participant_StatusChanged</page_callback>
    <title>participant status changed</title>
    <access_arguments>administer CiviCRM; administer CiviRules</access_arguments>
  </item>
  <item>
    <path>civicrm/civirule/form/action/relationship_add</path>
    <page_callback>CRM_CivirulesActions_Relationship_Form_Relationship</page_callback>
    <title>add relationship</title>
    <access_arguments>administer CiviCRM; administer CiviRules</access_arguments>
  </item>
  <item>
    <path>civicrm/civirule/form/action/membership/add</path>
    <page_callback>CRM_CivirulesActions_Membership_Form_Add</page_callback>
    <title>Activity</title>
    <access_arguments>administer CiviCRM; administer CiviRules</access_arguments>
  </item>
  <item>
    <path>civicrm/civirule/form/action/membership/update_status</path>
    <page_callback>CRM_CivirulesActions_Membership_Form_UpdateStatus</page_callback>
    <title>UpdateStatus</title>
    <access_arguments>administer CiviCRM; administer CiviRules</access_arguments>
  </item>
  <item>
    <path>civicrm/civirule/form/condition/contribution_soft_type</path>
    <page_callback>CRM_CivirulesConditions_Form_ContributionSoft_SoftCreditType</page_callback>
    <title>Soft Credit Type</title>
    <access_arguments>administer CiviCRM; administer CiviRules</access_arguments>
  </item>
  <item>
    <path>civicrm/civirule/form/condition/scheduledreminder</path>
    <page_callback>CRM_CivirulesConditions_Form_ActionLog_ScheduledReminder</page_callback>
    <title>Scheduled Reminder</title>
    <access_arguments>administer CiviCRM; administer CiviRules</access_arguments>
  </item>
  <item>
    <path>civicrm/civirule/form/condition/casecustomfield</path>
    <page_callback>CRM_CivirulesConditions_Form_Case_CaseCustomFieldChanged</page_callback>
    <title>Case Custom Field Changed</title>
    <access_arguments>administer CiviCRM; administer CiviRules</access_arguments>
  </item>
  <item>
    <path>civicrm/civirule/form/action/contact/subtype/remove</path>
    <page_callback>CRM_CivirulesActions_Contact_Form_RemoveSubtype</page_callback>
    <title>Remove Contact Subtype</title>
    <access_arguments>administer CiviCRM; administer CiviRules</access_arguments>
  </item>
  <item>
    <path>civicrm/civirule/form/condition/contactcustomfield</path>
    <page_callback>CRM_CivirulesConditions_Form_Contact_CustomFieldChanged</page_callback>
    <title>Contact Custom Field Changed</title>
    <access_arguments>administer CiviCRM; administer CiviRules</access_arguments>
  </item>
  <item>
    <path>civicrm/civirule/form/action/activityfromevent</path>
    <page_callback>CRM_CivirulesActions_Activity_Form_CreateActivityFromEvent</page_callback>
    <title>Activity</title>
    <access_arguments>administer CiviCRM; administer CiviRules</access_arguments>
  </item>
  <item>
    <path>civicrm/civirule/form/action/relationship/end</path>
    <page_callback>CRM_CivirulesActions_Relationship_Form_End</page_callback>
    <title>Relationship End</title>
    <access_arguments>administer CiviCRM; administer CiviRules</access_arguments>
  </item>
  <item>
    <path>civicrm/civirule/form/trigger/relatedparticipantwhenactivitychanged</path>
    <page_callback>CRM_CivirulesPostTrigger_Form_RelatedParticipantWhenActivityChanged</page_callback>
    <title>Related Participant when Activity Changed</title>
    <access_arguments>administer CiviCRM; administer CiviRules</access_arguments>
  </item>
  <item>
    <path>civicrm/civirule/form/trigger/relatedparticipantwhenactivityistagged</path>
    <page_callback>CRM_CivirulesPostTrigger_Form_RelatedParticipantWhenActivityIsTagged</page_callback>
    <title>Related Participant when Activity Is Tagged</title>
    <access_arguments>administer CiviCRM; administer CiviRules</access_arguments>
  </item>
  <item>
    <path>civicrm/civirule/form/trigger/nextcontributiondate</path>
    <page_callback>CRM_CivirulesCronTrigger_Form_NextContributionDate</page_callback>
    <title>Next Scheduled Contribution Date</title>
    <access_arguments>administer CiviCRM; administer CiviRules</access_arguments>
  </item>
  <item>
    <path>civicrm/civirule/form/condition/contribution_is_pay_later</path>
    <page_callback>CRM_CivirulesConditions_Form_Contribution_IsPayLater</page_callback>
    <title>Is a Pay Later Contribution?</title>
    <access_arguments>administer CiviCRM; administer CiviRules</access_arguments>
  </item>
  <item>
    <path>civicrm/civirule/form/condition/contribution_source</path>
    <page_callback>CRM_CivirulesConditions_Form_Contribution_Source</page_callback>
    <title>Contribution Source</title>
    <access_arguments>administer CiviCRM; administer CiviRules</access_arguments>
  </item>
  <item>
    <path>civicrm/civirule/form/condition/contact_hastype</path>
    <page_callback>CRM_CivirulesConditions_Form_Contact_HasType</page_callback>
    <title>Has Type</title>
    <access_arguments>administer CiviCRM; administer CiviRules</access_arguments>
  </item>
  <item>
    <path>civicrm/civirule/form/condition/contact_loggedin</path>
    <page_callback>CRM_CivirulesConditions_Form_Contact_LoggedIn</page_callback>
    <title>User is Logged In</title>
    <access_arguments>administer CiviCRM; administer CiviRules</access_arguments>
  </item>
  <item>
    <path>civicrm/civirule/form/action/contributionrecur_update_status</path>
    <page_callback>CRM_CivirulesActions_ContributionRecur_Form_UpdateStatus</page_callback>
    <title>Update Recurring Contribution status</title>
    <access_arguments>administer CiviCRM; administer CiviRules</access_arguments>
  </item>
  <item>
    <path>civicrm/civirule/form/action/contribution_update_status</path>
    <page_callback>CRM_CivirulesActions_Contribution_Form_UpdateStatus</page_callback>
    <title>Update Contribution Status</title>
    <access_arguments>administer CiviCRM; administer CiviRules</access_arguments>
  </item>
  <item>
    <path>civicrm/civirule/form/action/cancellatestmembership</path>
    <page_callback>CRM_CivirulesActions_Membership_Form_CancelLatestMembership</page_callback>
    <title>Cancel Latest Membership</title>
    <access_arguments>access CiviCRM</access_arguments>
    <access_arguments>administer CiviCRM</access_arguments>
  </item>
</menu>
