{
    "include": {
        "Buddy": {
            "name": "Buddy",
            "label": "Buddy",
            "description": null,
            "image_URL": null,
            "parent_id": 1,
            "is_active": true,
            "is_reserved": false
        },
        "Teenager": {
            "name": "Teenager",
            "label": "Teenager",
            "description": null,
            "image_URL": null,
            "parent_id": 1,
            "is_active": true,
            "is_reserved": false
        }
    }
}