{
    "Buddy_Application": {
        "name": "Buddy_Application",
        "title": "Buddy Application",
        "extends": "Individual",
        "extends_entity_column_id": null,
        "extends_entity_column_value": [
            "Buddy"
        ],
        "style": "Inline",
        "collapse_display": false,
        "help_pre": "",
        "help_post": "",
        "weight": 21,
        "is_active": true,
        "table_name": "civicrm_value_buddy_applica_25",
        "is_multiple": false,
        "min_multiple": null,
        "max_multiple": null,
        "collapse_adv_display": false,
        "is_reserved": false,
        "is_public": true,
        "icon": "",
        "fields": {
            "Hobbies": {
                "name": "Hobbies",
                "label": "Hobbies",
                "data_type": "Memo",
                "html_type": "TextArea",
                "default_value": null,
                "is_required": null,
                "is_searchable": null,
                "is_search_range": false,
                "weight": 1,
                "help_pre": null,
                "help_post": null,
                "mask": null,
                "attributes": "rows=4, cols=60",
                "javascript": null,
                "is_active": true,
                "is_view": null,
                "options_per_line": null,
                "text_length": null,
                "start_date_years": null,
                "end_date_years": null,
                "date_format": null,
                "time_format": null,
                "note_columns": 60,
                "note_rows": 4,
                "column_name": "hobbies_105",
                "option_group_id": null,
                "serialize": 0,
                "filter": null,
                "in_selector": false
            }
        }
    },
    "Buddy_Application_teenager_": {
        "name": "Buddy_Application_teenager_",
        "title": "Buddy Application (teenager)",
        "extends": "Individual",
        "extends_entity_column_id": null,
        "extends_entity_column_value": [
            "Teenager"
        ],
        "style": "Inline",
        "collapse_display": false,
        "help_pre": "",
        "help_post": "",
        "weight": 22,
        "is_active": true,
        "table_name": "civicrm_value_buddy_applica_26",
        "is_multiple": false,
        "min_multiple": null,
        "max_multiple": null,
        "collapse_adv_display": false,
        "is_reserved": false,
        "is_public": true,
        "icon": "",
        "fields": {
            "Hobbies": {
                "name": "Hobbies",
                "label": "Hobbies",
                "data_type": "Memo",
                "html_type": "TextArea",
                "default_value": null,
                "is_required": null,
                "is_searchable": true,
                "is_search_range": false,
                "weight": 1,
                "help_pre": null,
                "help_post": null,
                "mask": null,
                "attributes": "rows=4, cols=60",
                "javascript": null,
                "is_active": true,
                "is_view": null,
                "options_per_line": null,
                "text_length": null,
                "start_date_years": null,
                "end_date_years": null,
                "date_format": null,
                "time_format": null,
                "note_columns": 60,
                "note_rows": 4,
                "column_name": "hobbies_106",
                "option_group_id": null,
                "serialize": 0,
                "filter": null,
                "in_selector": false
            },
            "School_situation": {
                "name": "School_situation",
                "label": "School situation",
                "data_type": "String",
                "html_type": "Text",
                "default_value": null,
                "is_required": null,
                "is_searchable": true,
                "is_search_range": false,
                "weight": 2,
                "help_pre": null,
                "help_post": null,
                "mask": null,
                "attributes": null,
                "javascript": null,
                "is_active": true,
                "is_view": null,
                "options_per_line": null,
                "text_length": 255,
                "start_date_years": null,
                "end_date_years": null,
                "date_format": null,
                "time_format": null,
                "note_columns": 60,
                "note_rows": 4,
                "column_name": "school_situation_107",
                "option_group_id": null,
                "serialize": 0,
                "filter": null,
                "in_selector": false
            },
            "Family_situation": {
                "name": "Family_situation",
                "label": "Family situation",
                "data_type": "String",
                "html_type": "Text",
                "default_value": null,
                "is_required": null,
                "is_searchable": true,
                "is_search_range": false,
                "weight": 3,
                "help_pre": null,
                "help_post": null,
                "mask": null,
                "attributes": null,
                "javascript": null,
                "is_active": true,
                "is_view": null,
                "options_per_line": null,
                "text_length": 255,
                "start_date_years": null,
                "end_date_years": null,
                "date_format": null,
                "time_format": null,
                "note_columns": 60,
                "note_rows": 4,
                "column_name": "family_situation_108",
                "option_group_id": null,
                "serialize": 0,
                "filter": null,
                "in_selector": false
            }
        }
    }
}