{
    "name": "buddy",
    "title": "Buddy",
    "version": 1,
    "entities": {
        "ContactType": "1",
        "RelationshipType": "1",
        "CustomGroup": "1"
    },
    "description": "This is an example configuration which contains two contact types (Buddy and Teenager), custom fields for the Buddy Application and a relationship between the buddy and the teenager.",
    "configuration": {
        "ContactType": {
            "include": [
                "Buddy",
                "Teenager"
            ],
            "remove": []
        },
        "RelationshipType": {
            "include": [
                "Has_Buddy"
            ],
            "remove": []
        },
        "CustomGroup": {
            "include": {
                "Buddy_Application": {
                    "propose_remove": "0",
                    "select_all_fields": "1",
                    "include": [
                        "Hobbies"
                    ],
                    "remove": []
                },
                "Buddy_Application_teenager_": {
                    "propose_remove": "0",
                    "select_all_fields": "1",
                    "include": [
                        "Hobbies",
                        "School_situation",
                        "Family_situation"
                    ],
                    "remove": []
                }
            }
        },
        "UrlReplaceer": []
    }
}