{
    "type": "search",
    "requires": [],
    "entity_type": null,
    "join_entity": null,
    "title": "Manage CiviRules",
    "description": "",
    "placement": [],
    "summary_contact_type": null,
    "summary_weight": null,
    "icon": "fa-list-alt",
    "server_route": "civicrm/civirules/form/rulesview",
    "is_public": false,
    "permission": [
        "administer CiviRules",
        "administer CiviCRM"
    ],
    "permission_operator": "OR",
    "redirect": null,
    "submit_enabled": true,
    "submit_limit": null,
    "create_submission": false,
    "manual_processing": false,
    "allow_verification_by_email": false,
    "email_confirmation_template_id": null,
    "navigation": {
        "parent": "CiviRules",
        "label": "Manage Rules",
        "weight": 0
    },
    "modified_date": "2023-12-06 12:02:17"
}
