{
    "type": "search",
    "requires": null,
    "entity_type": null,
    "join_entity": null,
    "title": "Manage Tags",
    "description": null,
    "placement": [],
    "summary_contact_type": null,
    "summary_weight": null,
    "icon": "fa-tags",
    "server_route": "civicrm/admin/civirules/tags",
    "is_public": false,
    "permission": [
        "administer CiviCRM",
        "administer CiviRules"
    ],
    "permission_operator": "OR",
    "redirect": null,
    "submit_enabled": true,
    "submit_limit": null,
    "create_submission": false,
    "manual_processing": false,
    "allow_verification_by_email": false,
    "email_confirmation_template_id": null,
    "navigation": {
        "parent": "CiviRules",
        "label": "Manage Tags",
        "weight": 50
    },
    "modified_date": "2024-03-16 12:29:02"
}
